<?xml version="1.0" encoding="UTF-8"?>
<mappings xmlns="http://dozer.sourceforge.net" xmlns:xsi="http://www.w3.org/2001/XMLSchema-instance"
          xsi:schemaLocation="http://dozer.sourceforge.net
      http://dozer.sourceforge.net/schema/beanmapping.xsd">
    <mapping map-null="false" map-empty-string="false" relationship-type="non-cumulative">
        <class-a>com.peopletech.fractionable.entity.QuestionBO</class-a>
        <class-b>com.peopletech.fractionable.dto.QuestionDto</class-b>
        <field custom-converter="com.peopletech.fractionable.converter.LookupDozerConverter">
            <a>answerType</a>
            <b>answerTypeId</b>
        </field>
    </mapping>
    <mapping map-null="false" map-empty-string="false" relationship-type="non-cumulative">
        <class-a>com.peopletech.fractionable.entity.QuestionnaireBO</class-a>
        <class-b>com.peopletech.fractionable.dto.QuestionnaireDto</class-b>
        <field custom-converter="com.peopletech.fractionable.converter.LookupDozerConverter">
            <a>questionnaireType</a>
            <b>questionnaireTypeId</b>
        </field>
    </mapping>

    <mapping map-null="false" map-empty-string="false" relationship-type="non-cumulative">
        <class-a>com.peopletech.fractionable.entity.CandidateBO</class-a>
        <class-b>com.peopletech.fractionable.dto.CandidateDto</class-b>
        <field custom-converter="com.peopletech.fractionable.converter.LookupDozerConverter">
            <a>sourceChannel</a>
            <b>sourceChannel</b>
        </field>
        <field custom-converter="com.peopletech.fractionable.converter.LookupDozerConverter">
            <a>domain</a>
            <b>domain</b>
        </field>
        <field custom-converter="com.peopletech.fractionable.converter.LookupDozerConverter">
            <a>operations</a>
            <b>operations</b>
        </field>
        <field custom-converter="com.peopletech.fractionable.converter.LookupDozerConverter">
            <a>currentCtcFrequency</a>
            <b>currentCtcFrequency</b>
        </field>
        <field custom-converter="com.peopletech.fractionable.converter.LookupDozerConverter">
            <a>expectedCtcFrequency</a>
            <b>expectedCtcFrequency</b>
        </field>
    </mapping>
    <mapping map-null="false" map-empty-string="false" relationship-type="non-cumulative">
        <class-a>com.peopletech.fractionable.entity.SjdBO</class-a>
        <class-b>com.peopletech.fractionable.dto.SjdDto</class-b>
        <field custom-converter="com.peopletech.fractionable.converter.LookupDozerConverter">
            <a>domain</a>
            <b>domainId</b>
        </field>
        <field custom-converter="com.peopletech.fractionable.converter.LookupDozerConverter">
            <a>jobType</a>
            <b>jobTypeId</b>
        </field>
        <field custom-converter="com.peopletech.fractionable.converter.LookupDozerConverter">
            <a>payType</a>
            <b>payTypeId</b>
        </field>
        <field custom-converter="com.peopletech.fractionable.converter.LookupDozerConverter">
            <a>qualification</a>
            <b>qualificationId</b>
        </field>
        <field custom-converter="com.peopletech.fractionable.converter.LookupDozerConverter">
            <a>sjdStatus</a>
            <b>sjdStatusId</b>
        </field>
        <field custom-converter="com.peopletech.fractionable.converter.LookupDozerConverter">
            <a>operation</a>
            <b>operationId</b>
        </field>
        <field custom-converter="com.peopletech.fractionable.converter.LookupDozerConverter">
            <a>client</a>
            <b>clientId</b>
        </field>
        <field custom-converter="com.peopletech.fractionable.converter.LookupDozerConverter">
            <a>priority</a>
            <b>priorityId</b>
        </field>
    </mapping>
    <mapping relationship-type="non-cumulative" map-null="false">
        <class-a>com.peopletech.fractionable.entity.UserDetailsBO</class-a>
        <class-b>com.peopletech.fractionable.dto.UserDetailsDto</class-b>
        <field custom-converter="com.peopletech.fractionable.converter.LookupDozerConverter">
            <a>company</a>
            <b>company</b>
        </field>
        <field custom-converter="com.peopletech.fractionable.converter.LookupDozerConverter">
            <a>department</a>
            <b>department</b>
        </field>
        <field custom-converter="com.peopletech.fractionable.converter.LookupDozerConverter">
            <a>operations</a>
            <b>operations</b>
        </field>
    </mapping>
    <mapping>
        <class-a>com.peopletech.fractionable.entity.SjdCandidateInfoBO</class-a>
        <class-b>com.peopletech.fractionable.dto.SjdCandidateInfoDto</class-b>
        <field custom-converter="com.peopletech.fractionable.converter.SjdDozerConverter">
            <a>sjd</a>
            <b>sjdId</b>
        </field>
        <field custom-converter="com.peopletech.fractionable.converter.SjdDozerConverter">
            <a>sjd</a>
            <b>sjdName</b>
        </field>
        <field custom-converter="com.peopletech.fractionable.converter.CandidateDozerConverter">
            <a>candidate</a>
            <b>candidateId</b>
        </field>
        <field custom-converter="com.peopletech.fractionable.converter.LookupDozerConverter">
            <a>candidateStatus</a>
            <b>candidateStatusId</b>
        </field>
    </mapping>
    <mapping map-null="false" map-empty-string="false" relationship-type="non-cumulative">
        <class-a>com.peopletech.fractionable.entity.CandidateEventBO</class-a>
        <class-b>com.peopletech.fractionable.dto.CandidateEventDto</class-b>
        <field custom-converter="com.peopletech.fractionable.converter.LookupDozerConverter">
            <a>eventType</a>
            <b>eventTypeId</b>
        </field>
        <field custom-converter="com.peopletech.fractionable.converter.UserDetailsDozerConverter">
            <a>createdBy</a>
            <b>createdBy</b>
        </field>
    </mapping>
    <mapping map-null="false" map-empty-string="false" relationship-type="non-cumulative">
        <class-a>com.peopletech.fractionable.entity.SjdEventBO</class-a>
        <class-b>com.peopletech.fractionable.dto.SjdEventDto</class-b>
        <field custom-converter="com.peopletech.fractionable.converter.LookupDozerConverter">
            <a>eventType</a>
            <b>eventTypeId</b>
        </field>
        <field custom-converter="com.peopletech.fractionable.converter.UserDetailsDozerConverter">
            <a>createdBy</a>
            <b>createdBy</b>
        </field>
    </mapping>
    <mapping map-null="false" map-empty-string="false" relationship-type="non-cumulative" type="one-way">
        <class-a>com.peopletech.fractionable.entity.CandidateDocumentBO</class-a>
        <class-b>com.peopletech.fractionable.dto.CandidateDocumentDto</class-b>
        <field custom-converter="com.peopletech.fractionable.converter.UserDetailsDozerConverter">
            <a>createdBy</a>
            <b>createdByName</b>
        </field>
    </mapping>
    <mapping map-null="false" map-empty-string="false" relationship-type="non-cumulative">
        <class-a>com.peopletech.fractionable.entity.CandidateInterviewBO</class-a>
        <class-b>com.peopletech.fractionable.dto.CandidateInterviewDto</class-b>
    </mapping>
</mappings>