<?xml version="1.0" encoding="UTF-8"?>
<configuration>
    <include resource="org/springframework/boot/logging/logback/defaults.xml"/>

    <springProfile name="default">
        <include resource="org/springframework/boot/logging/logback/console-appender.xml"/>

        <root level="INFO">
            <appender-ref ref="CONSOLE"/>
        </root>
    </springProfile>

    <springProfile name="prod">
        <property name="HOME_LOG" value="logs/app.log"/>
        <include resource="org/springframework/boot/logging/logback/defaults.xml"/>

        <appender name="FILE-ROLLING" class="ch.qos.logback.core.rolling.RollingFileAppender">
            <file>${HOME_LOG}</file>

            <rollingPolicy class="ch.qos.logback.core.rolling.SizeAndTimeBasedRollingPolicy">
                <fileNamePattern>logs/archived/app.%d{yyyy-MM-dd}.%i.log</fileNamePattern>
                <!-- each archived file, size max 10MB -->
                <maxFileSize>10MB</maxFileSize>
                <!-- total size of all archive files, if total size > 20GB, it will delete old archived file -->
                <totalSizeCap>20GB</totalSizeCap>
                <!-- 60 days to keep -->
                <maxHistory>60</maxHistory>
            </rollingPolicy>

            <encoder>
                <pattern>${CONSOLE_LOG_PATTERN}</pattern>
            </encoder>
        </appender>
        <root level="INFO">
            <appender-ref ref="FILE-ROLLING"/>
        </root>
    </springProfile>

</configuration>